symbol,timeframe,rows,first_candle_utc,last_candle_utc,hours_behind_now,expected_rows,missing_candles,gap_count,duplicate_count,off_grid_count,integrity_ok,status
aero_usdt,hour1,15841,2024-12-19T08:00:00+00:00,2026-10-10T19:00:00+00:00,0.56,15852,11,11,0,0,False,invalid
aero_usdt,hour4,3963,2024-12-19T08:00:00+00:00,2026-10-10T16:00:00+00:00,3.56,3963,0,0,0,0,True,current
aero_usdt,minute15,63296,2024-12-19T08:00:00+00:00,2026-10-10T19:30:00+00:00,0.06,63407,111,111,0,0,False,invalid
agt_usdt,hour1,12300,2025-05-16T07:00:00+00:00,2026-10-10T19:00:00+00:00,0.56,12301,1,1,0,0,False,invalid
agt_usdt,hour4,3076,2025-05-16T04:00:00+00:00,2026-10-10T16:00:00+00:00,3.56,3076,0,0,0,0,True,current
agt_usdt,minute15,49170,2025-05-16T07:15:00+00:00,2026-10-10T19:30:00+00:00,0.06,49202,32,32,0,0,False,invalid
btc_usdt,hour1,41831,2022-01-01T00:00:00+00:00,2026-10-10T19:00:00+00:00,0.56,41852,21,21,0,0,False,invalid
btc_usdt,hour4,10457,2022-01-01T00:00:00+00:00,2026-10-10T16:00:00+00:00,3.56,10463,6,6,0,0,False,invalid
btc_usdt,minute15,167230,2022-01-01T00:00:00+00:00,2026-10-10T19:30:00+00:00,0.06,167407,177,177,0,0,False,invalid
eth_usdt,hour1,41824,2022-01-01T00:00:00+00:00,2026-10-10T19:00:00+00:00,0.56,41852,28,28,0,0,False,invalid
eth_usdt,hour4,10460,2022-01-01T00:00:00+00:00,2026-10-10T16:00:00+00:00,3.56,10463,3,3,0,0,False,invalid
eth_usdt,minute15,167190,2022-01-01T00:00:00+00:00,2026-10-10T19:30:00+00:00,0.06,167407,217,217,0,0,False,invalid
layer_usdt,hour1,14548,2025-02-11T06:00:00+00:00,2026-10-10T19:00:00+00:00,0.56,14558,10,10,0,0,False,invalid
layer_usdt,hour4,3638,2025-02-11T04:00:00+00:00,2026-10-10T16:00:00+00:00,3.56,3640,2,2,0,0,False,invalid
layer_usdt,minute15,58173,2025-02-11T06:00:00+00:00,2026-10-10T19:30:00+00:00,0.06,58231,58,57,0,0,False,invalid
pbu_usdt,hour1,23382,2024-02-09T06:00:00+00:00,2026-10-10T19:00:00+00:00,0.56,23390,8,8,0,0,False,invalid
pbu_usdt,hour4,5847,2024-02-09T04:00:00+00:00,2026-10-10T16:00:00+00:00,3.56,5848,1,1,0,0,False,invalid
pbu_usdt,minute15,93433,2024-02-09T06:15:00+00:00,2026-10-10T19:30:00+00:00,0.06,93558,125,125,0,0,False,invalid
udoge_usdt,hour1,17259,2024-10-21T03:00:00+00:00,2026-10-10T19:00:00+00:00,0.56,17273,14,14,0,0,False,invalid
udoge_usdt,hour4,4317,2024-10-21T00:00:00+00:00,2026-10-10T16:00:00+00:00,3.56,4319,2,2,0,0,False,invalid
udoge_usdt,minute15,68972,2024-10-21T03:45:00+00:00,2026-10-10T19:30:00+00:00,0.06,69088,116,116,0,0,False,invalid
