symbol,timeframe,rows,first_candle_utc,last_candle_utc,hours_behind_now,expected_rows,missing_candles,gap_count,duplicate_count,off_grid_count,integrity_ok,status,freshness_hours,freshness_limit_hours,freshness_policy_version,freshness_policy_digest,evaluated_at_utc,freshness_ok,ready_for_research,readiness_reason
aero_usdt,hour1,15670,2024-12-19T08:00:00+00:00,2026-10-03T16:00:00+00:00,0.62,15681,11,11,0,0,False,invalid,0.6221,3.0,1.0.0,ad3bc54c9135ba4eacd28d6f06620973e009a6eca71010c4e314efe5b4cafd9e,2026-10-03T16:37:19.380266+00:00,True,False,integrity_failed
aero_usdt,hour4,3921,2024-12-19T08:00:00+00:00,2026-10-03T16:00:00+00:00,0.62,3921,0,0,0,0,True,current,0.6221,8.0,1.0.0,ad3bc54c9135ba4eacd28d6f06620973e009a6eca71010c4e314efe5b4cafd9e,2026-10-03T16:37:19.380266+00:00,True,True,ready
aero_usdt,minute15,62612,2024-12-19T08:00:00+00:00,2026-10-03T16:30:00+00:00,0.12,62723,111,111,0,0,False,invalid,0.1221,1.0,1.0.0,ad3bc54c9135ba4eacd28d6f06620973e009a6eca71010c4e314efe5b4cafd9e,2026-10-03T16:37:19.380266+00:00,True,False,integrity_failed
agt_usdt,hour1,12129,2025-05-16T07:00:00+00:00,2026-10-03T16:00:00+00:00,0.62,12130,1,1,0,0,False,invalid,0.6221,3.0,1.0.0,ad3bc54c9135ba4eacd28d6f06620973e009a6eca71010c4e314efe5b4cafd9e,2026-10-03T16:37:19.380266+00:00,True,False,integrity_failed
agt_usdt,hour4,3034,2025-05-16T04:00:00+00:00,2026-10-03T16:00:00+00:00,0.62,3034,0,0,0,0,True,current,0.6221,8.0,1.0.0,ad3bc54c9135ba4eacd28d6f06620973e009a6eca71010c4e314efe5b4cafd9e,2026-10-03T16:37:19.380266+00:00,True,True,ready
agt_usdt,minute15,48487,2025-05-16T07:15:00+00:00,2026-10-03T16:30:00+00:00,0.12,48518,31,31,0,0,False,invalid,0.1221,1.0,1.0.0,ad3bc54c9135ba4eacd28d6f06620973e009a6eca71010c4e314efe5b4cafd9e,2026-10-03T16:37:19.380266+00:00,True,False,integrity_failed
btc_usdt,hour1,41660,2022-01-01T00:00:00+00:00,2026-10-03T16:00:00+00:00,0.62,41681,21,21,0,0,False,invalid,0.6221,3.0,1.0.0,ad3bc54c9135ba4eacd28d6f06620973e009a6eca71010c4e314efe5b4cafd9e,2026-10-03T16:37:19.380266+00:00,True,False,integrity_failed
btc_usdt,hour4,10415,2022-01-01T00:00:00+00:00,2026-10-03T16:00:00+00:00,0.62,10421,6,6,0,0,False,invalid,0.6221,8.0,1.0.0,ad3bc54c9135ba4eacd28d6f06620973e009a6eca71010c4e314efe5b4cafd9e,2026-10-03T16:37:19.380266+00:00,True,False,integrity_failed
btc_usdt,minute15,166546,2022-01-01T00:00:00+00:00,2026-10-03T16:30:00+00:00,0.12,166723,177,177,0,0,False,invalid,0.1221,1.0,1.0.0,ad3bc54c9135ba4eacd28d6f06620973e009a6eca71010c4e314efe5b4cafd9e,2026-10-03T16:37:19.380266+00:00,True,False,integrity_failed
eth_usdt,hour1,41654,2022-01-01T00:00:00+00:00,2026-10-03T16:00:00+00:00,0.62,41681,27,27,0,0,False,invalid,0.6221,3.0,1.0.0,ad3bc54c9135ba4eacd28d6f06620973e009a6eca71010c4e314efe5b4cafd9e,2026-10-03T16:37:19.380266+00:00,True,False,integrity_failed
eth_usdt,hour4,10418,2022-01-01T00:00:00+00:00,2026-10-03T16:00:00+00:00,0.62,10421,3,3,0,0,False,invalid,0.6221,8.0,1.0.0,ad3bc54c9135ba4eacd28d6f06620973e009a6eca71010c4e314efe5b4cafd9e,2026-10-03T16:37:19.380266+00:00,True,False,integrity_failed
eth_usdt,minute15,166508,2022-01-01T00:00:00+00:00,2026-10-03T16:30:00+00:00,0.12,166723,215,215,0,0,False,invalid,0.1221,1.0,1.0.0,ad3bc54c9135ba4eacd28d6f06620973e009a6eca71010c4e314efe5b4cafd9e,2026-10-03T16:37:19.380266+00:00,True,False,integrity_failed
layer_usdt,hour1,14378,2025-02-11T06:00:00+00:00,2026-10-03T16:00:00+00:00,0.62,14387,9,9,0,0,False,invalid,0.6221,3.0,1.0.0,ad3bc54c9135ba4eacd28d6f06620973e009a6eca71010c4e314efe5b4cafd9e,2026-10-03T16:37:19.380266+00:00,True,False,integrity_failed
layer_usdt,hour4,3597,2025-02-11T04:00:00+00:00,2026-10-03T16:00:00+00:00,0.62,3598,1,1,0,0,False,invalid,0.6221,8.0,1.0.0,ad3bc54c9135ba4eacd28d6f06620973e009a6eca71010c4e314efe5b4cafd9e,2026-10-03T16:37:19.380266+00:00,True,False,integrity_failed
layer_usdt,minute15,57491,2025-02-11T06:00:00+00:00,2026-10-03T16:30:00+00:00,0.12,57547,56,55,0,0,False,invalid,0.1221,1.0,1.0.0,ad3bc54c9135ba4eacd28d6f06620973e009a6eca71010c4e314efe5b4cafd9e,2026-10-03T16:37:19.380266+00:00,True,False,integrity_failed
pbu_usdt,hour1,23211,2024-02-09T06:00:00+00:00,2026-10-03T16:00:00+00:00,0.62,23219,8,8,0,0,False,invalid,0.6221,3.0,1.0.0,ad3bc54c9135ba4eacd28d6f06620973e009a6eca71010c4e314efe5b4cafd9e,2026-10-03T16:37:19.380266+00:00,True,False,integrity_failed
pbu_usdt,hour4,5805,2024-02-09T04:00:00+00:00,2026-10-03T16:00:00+00:00,0.62,5806,1,1,0,0,False,invalid,0.6221,8.0,1.0.0,ad3bc54c9135ba4eacd28d6f06620973e009a6eca71010c4e314efe5b4cafd9e,2026-10-03T16:37:19.380266+00:00,True,False,integrity_failed
pbu_usdt,minute15,92749,2024-02-09T06:15:00+00:00,2026-10-03T16:30:00+00:00,0.12,92874,125,125,0,0,False,invalid,0.1221,1.0,1.0.0,ad3bc54c9135ba4eacd28d6f06620973e009a6eca71010c4e314efe5b4cafd9e,2026-10-03T16:37:19.380266+00:00,True,False,integrity_failed
udoge_usdt,hour1,17088,2024-10-21T03:00:00+00:00,2026-10-03T16:00:00+00:00,0.62,17102,14,14,0,0,False,invalid,0.6221,3.0,1.0.0,ad3bc54c9135ba4eacd28d6f06620973e009a6eca71010c4e314efe5b4cafd9e,2026-10-03T16:37:19.380266+00:00,True,False,integrity_failed
udoge_usdt,hour4,4275,2024-10-21T00:00:00+00:00,2026-10-03T16:00:00+00:00,0.62,4277,2,2,0,0,False,invalid,0.6221,8.0,1.0.0,ad3bc54c9135ba4eacd28d6f06620973e009a6eca71010c4e314efe5b4cafd9e,2026-10-03T16:37:19.380266+00:00,True,False,integrity_failed
udoge_usdt,minute15,68288,2024-10-21T03:45:00+00:00,2026-10-03T16:30:00+00:00,0.12,68404,116,116,0,0,False,invalid,0.1221,1.0,1.0.0,ad3bc54c9135ba4eacd28d6f06620973e009a6eca71010c4e314efe5b4cafd9e,2026-10-03T16:37:19.380266+00:00,True,False,integrity_failed
